taxon,latitude,longitude,type
Cucurbita_cordata,28.9547,-113.5625,G
Cucurbita_cordata,24.2857661,-111.0109816,H
Cucurbita_cordata,25.9346977,-111.5421361,H
Cucurbita_cordata,25.947488,-111.7300052,H
Cucurbita_cordata,25.9576506,-111.4609177,H
Cucurbita_cordata,26.206709,-111.617512,H
Cucurbita_cordata,26.456451,-111.648485,H
Cucurbita_cordata,26.802645,-112.0622982,H
Cucurbita_cordata,26.9105096,-112.045061,H
Cucurbita_cordata,26.9107262,-112.9822799,H
Cucurbita_cordata,26.9156916,-113.7368987,H
Cucurbita_cordata,27.015153,-114.042982,H
Cucurbita_cordata,27.164634,-113.4654046,H
Cucurbita_cordata,27.2762613,-113.191559,H
Cucurbita_cordata,27.424452,-113.4380353,H
Cucurbita_cordata,27.8434911,-114.0275069,H
Cucurbita_cordata,28.0066751,-113.873446,H
Cucurbita_cordata,28.1474165,-113.6345345,H
Cucurbita_cordata,28.516667,-113.75,H
Cucurbita_cordata,28.744103,-113.753451,H
Cucurbita_cordata,28.744103,-113.753451,H
Cucurbita_cordata,28.744103,-113.753451,H
Cucurbita_cordata,28.7700513,-113.4871398,H
Cucurbita_cordata,30.5622903,-115.0077914,H
Cucurbita_cordata,31.666667,-115.95,H
Cucurbita_cordata,25.916667,-111.466667,H
Cucurbita_cordata,28.14,-113.25,H
Cucurbita_cordata,23.226944,-109.9625,H
Cucurbita_cordata,24.0434888,-110.4315463,H
Cucurbita_cordata,25.916667,-111.391667,H
Cucurbita_cordata,27.091667,-112.325,H
Cucurbita_cordata,27.691667,-113.025,H
Cucurbita_cordata,24.141667,-110.841667,H
Cucurbita_cordata,24.875,-110.975,H
Cucurbita_cordata,25.491667,-111.925,H
Cucurbita_cordata,25.903333,-111.368889,H
Cucurbita_cordata,25.9484161,-111.4969647,H
Cucurbita_cordata,26.260556,-112.473333,H
Cucurbita_cordata,26.296936,-112.530679,H
Cucurbita_cordata,26.875,-111.941667,H
Cucurbita_cordata,27.303333,-112.902778,H
Cucurbita_cordata,27.341667,-112.291667,H
Cucurbita_cordata,27.491667,-113.308333,H
Cucurbita_cordata,28.091667,-113.591667,H
Cucurbita_cordata,28.241667,-113.408333,H
Cucurbita_cordata,28.261111,-113.874722,H
Cucurbita_cordata,28.375,-113.508333,H
Cucurbita_cordata,28.391667,-113.325,H
Cucurbita_cordata,28.758333,-113.616667,H
Cucurbita_cordata,29.358333,-114.425,H
Cucurbita_cordata,31.641667,-116.025,H
Cucurbita_cordata,32.375,-117.091667,H
Cucurbita_cordata,23.058333,-110.025,H
Cucurbita_cordata,23.4513848,-109.9279362,H
Cucurbita_cordata,25.925,-111.958333,H
Cucurbita_cordata,27.291667,-112.825,H
Cucurbita_cordata,27.608333,-113.075,H
Cucurbita_cordata,26,-111.35,H
Cucurbita_cordata,28.641697,-114.023861,H
Cucurbita_cordata,28.643889,-114.046389,H
Cucurbita_cordata,23.375,-109.775,H
Cucurbita_cordata,23.608333,-110.108333,H
Cucurbita_cordata,27.1,-112.975,H
Cucurbita_cordata,27.108333,-112.991667,H
Cucurbita_cordata,27.341667,-112.291667,H
Cucurbita_cordata,28.008333,-113.008333,H
Cucurbita_cordata,28.475,-113.425,H
Cucurbita_cordata,28.725,-113.641667,H
Cucurbita_cordata,28.758333,-113.625,H
Cucurbita_cordata,28.758333,-113.616667,H
Cucurbita_cordata,24.091667,-110.991667,H
Cucurbita_cordata,24.091667,-110.991667,H
Cucurbita_cordata,28.205,-114.043889,H
Cucurbita_cordata,28.308333,-113.708333,H
Cucurbita_cordata,28.308333,-113.708333,H
Cucurbita_cordata,26.025,-111.358333,H
Cucurbita_cordata,26.358333,-111.791667,H
Cucurbita_cordata,26.358333,-111.775,H
Cucurbita_cordata,26.358333,-111.791667,H
Cucurbita_cordata,26.358333,-111.775,H
Cucurbita_cordata,27.108333,-112.991667,H
Cucurbita_cordata,27.108333,-112.991667,H
Cucurbita_cordata,28.341667,-113.725,H
Cucurbita_cordata,28.341667,-113.725,H
Cucurbita_cordata,28.958333,-113.575,H
Cucurbita_cordata,28.958333,-113.575,H
Cucurbita_cordata,28.791667,-113.325,H
Cucurbita_cordata,28.791667,-113.325,H
Cucurbita_cordata,23.50039356,-110.0837089,H
Cucurbita_cordata,28.74486,-113.754115,H
Cucurbita_cordata,32.3826172,-115.5099536,H
Cucurbita_cordata,25.933333,-111.533333,H
Cucurbita_cordata,26.024444,-111.351944,H
Cucurbita_cordata,26.358333,-112.608333,H
Cucurbita_cordata,24.083,-110.983,H
Cucurbita_cordata,24.083139,-110.983278,H
Cucurbita_cordata,25.676353,-111.563475,H
Cucurbita_cordata,28.14986,-113.74535,H
Cucurbita_cordata,28.30417,-112.87667,H
Cucurbita_cordata,24.083139,-110.983278,H
Cucurbita_cordata,26.35,-112.6,H
Cucurbita_cordata,26.350028,-112.599944,H
Cucurbita_cordata,26.358333,-112.441667,H
Cucurbita_cordata,27.083,-112.317,H
Cucurbita_cordata,27.083444,-112.316611,H
Cucurbita_cordata,27.091667,-112.325,H
Cucurbita_cordata,27.558583,-113.095583,H
Cucurbita_cordata,27.559,-113.096,H
Cucurbita_cordata,28.466806,-113.416833,H
Cucurbita_cordata,28.467,-113.417,H
Cucurbita_cordata,28.475,-113.425,H
Cucurbita_cordata,28.616556,-113.450111,H
Cucurbita_cordata,28.617,-113.45,H
Cucurbita_cordata,28.666528,-113.449889,H
Cucurbita_cordata,28.667,-113.45,H
Cucurbita_cordata,28.716694,-113.800028,H
Cucurbita_cordata,28.717,-113.8,H
Cucurbita_cordata,28.749972,-113.783139,H
Cucurbita_cordata,28.75,-113.783,H
Cucurbita_cordata,28.758333,-113.625,H
Cucurbita_cordata,28.819123,-113.529604,H
Cucurbita_cordata,28.833,-113.567,H
Cucurbita_cordata,29.183,-113.85,H
Cucurbita_cordata,29.183472,-113.849944,H
Cucurbita_cordata,29.25,-114.2,H
Cucurbita_cordata,29.25,-114.2,H
Cucurbita_cordata,32.53875,-116.44858,H
Cucurbita_cordata,25.925,-111.391667,H
Cucurbita_cordata,27.091667,-112.325,H
Cucurbita_cordata,27.691667,-113.025,H
Cucurbita_cordata,25.916667,-111.541667,H
Cucurbita_cordata,25.925,-111.541667,H
Cucurbita_cordata,27.141667,-114.158333,H
Cucurbita_cordata,28.608333,-113.408333,H
Cucurbita_cordata,28.608333,-113.408333,H
Cucurbita_cordata,24.13,-110.83,H
Cucurbita_cordata,24.87,-110.97,H
Cucurbita_cordata,26.35,-112.6,H
Cucurbita_cordata,29.35,-114.42,H
Cucurbita_digitata,31.56698,-111.05143,G
Cucurbita_digitata,31.89392,-110.23419,G
Cucurbita_digitata,31.99281,-110.69144,G
Cucurbita_digitata,32.09121,-109.93988,G
Cucurbita_digitata,32.23387,-108.05022,G
Cucurbita_digitata,32.2351,-108.04025,G
Cucurbita_digitata,32.28527,-110.74407,G
Cucurbita_digitata,32.28579,-110.73991,G
Cucurbita_digitata,32.29108,-110.79334,G
Cucurbita_digitata,32.299008,-110.802397,G
Cucurbita_digitata,32.3363,-111.21646,G
Cucurbita_digitata,32.39514,-108.7243,G
Cucurbita_digitata,32.42311,-108.67596,G
Cucurbita_digitata,32.56842,-110.9229,G
Cucurbita_digitata,32.60843,-110.85186,G
Cucurbita_digitata,32.630812,-109.691541,G
Cucurbita_digitata,32.76925,-109.474,G
Cucurbita_digitata,33.754198,-111.874898,G
Cucurbita_digitata,34.15749,-112.04612,G
Cucurbita_digitata,27.018525,-109.62282,H
Cucurbita_digitata,28.539941,-110.026006,H
Cucurbita_digitata,30,-110.2,H
Cucurbita_digitata,30.1004666,-115.6243581,H
Cucurbita_digitata,30.1610886,-107.6620956,H
Cucurbita_digitata,30.167897,-111.113306,H
Cucurbita_digitata,30.2264,-111.078181,H
Cucurbita_digitata,30.35,-107.95,H
Cucurbita_digitata,30.383333,-107.866667,H
Cucurbita_digitata,30.5589829,-108.0295715,H
Cucurbita_digitata,30.635822,-110.967968,H
Cucurbita_digitata,30.635822,-110.967968,H
Cucurbita_digitata,30.666667,-109.35,H
Cucurbita_digitata,30.816667,-109.2,H
Cucurbita_digitata,30.833333,-108.75,H
Cucurbita_digitata,31.22701,-110.977084,H
Cucurbita_digitata,31.314044,-110.945956,H
Cucurbita_digitata,31.333998,-108.53115,H
Cucurbita_digitata,31.3389856,-115.4745402,H
Cucurbita_digitata,31.3547552,-115.6731181,H
Cucurbita_digitata,31.354867,-115.523106,H
Cucurbita_digitata,31.4138,-111.0203,H
Cucurbita_digitata,31.417885,-108.558097,H
Cucurbita_digitata,31.440663,-108.427538,H
Cucurbita_digitata,31.441488,-109.907574,H
Cucurbita_digitata,31.441488,-109.907574,H
Cucurbita_digitata,31.441488,-109.907574,H
Cucurbita_digitata,31.441488,-109.907574,H
Cucurbita_digitata,31.487124,-115.7432688,H
Cucurbita_digitata,31.488702,-111.54205,H
Cucurbita_digitata,31.666667,-115.816667,H
Cucurbita_digitata,31.719573,-110.070841,H
Cucurbita_digitata,31.752872,-109.429787,H
Cucurbita_digitata,31.8276,-107.640023,H
Cucurbita_digitata,31.835372,-109.03117,H
Cucurbita_digitata,31.908781,-116.258285,H
Cucurbita_digitata,31.973692,-111.095095,H
Cucurbita_digitata,31.999525,-110.951202,H
Cucurbita_digitata,31.999525,-110.951202,H
Cucurbita_digitata,32.034518,-111.90707,H
Cucurbita_digitata,32.15091,-110.4798,H
Cucurbita_digitata,32.193966,-110.984814,H
Cucurbita_digitata,32.212854,-111.006204,H
Cucurbita_digitata,32.388407,-110.592309,H
Cucurbita_digitata,32.801733,-109.632856,H
Cucurbita_digitata,32.875065,-109.740636,H
Cucurbita_digitata,32.896176,-109.827582,H
Cucurbita_digitata,32.896176,-109.827582,H
Cucurbita_digitata,32.896176,-109.827582,H
Cucurbita_digitata,32.896176,-109.827582,H
Cucurbita_digitata,32.965903,-108.57672,H
Cucurbita_digitata,32.994505,-111.537625,H
Cucurbita_digitata,32.994505,-111.537625,H
Cucurbita_digitata,33.058106,-112.047642,H
Cucurbita_digitata,33.058106,-112.047642,H
Cucurbita_digitata,33.058106,-112.047642,H
Cucurbita_digitata,33.058106,-112.047642,H
Cucurbita_digitata,33.058106,-112.047642,H
Cucurbita_digitata,33.228103,-112.166537,H
Cucurbita_digitata,33.235313,-114.679957,H
Cucurbita_digitata,33.376167,-110.75372,H
Cucurbita_digitata,33.376167,-110.75372,H
Cucurbita_digitata,33.376167,-110.75372,H
Cucurbita_digitata,33.597549,-111.205403,H
Cucurbita_digitata,33.667548,-111.134289,H
Cucurbita_digitata,33.667548,-111.134289,H
Cucurbita_digitata,33.733895,-110.540201,H
Cucurbita_digitata,33.766687,-116.359177,H
Cucurbita_digitata,33.865293,-117.808945,H
Cucurbita_digitata,33.957543,-111.186796,H
Cucurbita_digitata,31.333333,-115.75,H
Cucurbita_digitata,31.833333,-113.5,H
Cucurbita_digitata,32.349722,-108.708889,H
Cucurbita_digitata,32.769722,-116.490833,H
Cucurbita_digitata,32.769722,-116.490833,H
Cucurbita_digitata,32.769722,-116.490833,H
Cucurbita_digitata,33.359238,-114.711441,H
Cucurbita_digitata,33.85,-113.5,H
Cucurbita_digitata,31.858333,-116.091667,H
Cucurbita_digitata,29.19794,-109.74622,H
Cucurbita_digitata,29.243611,-109.743611,H
Cucurbita_digitata,29.562222,-110.891389,H
Cucurbita_digitata,29.588383,-110.886838,H
Cucurbita_digitata,29.791389,-112.5575,H
Cucurbita_digitata,29.820613,-112.57138,H
Cucurbita_digitata,29.865,-110.217778,H
Cucurbita_digitata,30.69474,-110.93063,H
Cucurbita_digitata,30.858333,-111.241667,H
Cucurbita_digitata,31.014167,-110.196667,H
Cucurbita_digitata,31.125,-116.158333,H
Cucurbita_digitata,31.125,-116.158333,H
Cucurbita_digitata,31.295833,-115.583333,H
Cucurbita_digitata,31.295833,-115.591667,H
Cucurbita_digitata,31.625,-108.475,H
Cucurbita_digitata,31.775,-116.025,H
Cucurbita_digitata,31.775,-116.025,H
Cucurbita_digitata,31.875,-116.275,H
Cucurbita_digitata,30.958333,-110.858333,H
Cucurbita_digitata,27.525,-105.025,H
Cucurbita_digitata,27.525,-105.025,H
Cucurbita_digitata,29.55,-110.416667,H
Cucurbita_digitata,29.916667,-111.652778,H
Cucurbita_digitata,30.045139,-111.229622,H
Cucurbita_digitata,30.04528,-111.22972,H
Cucurbita_digitata,30.283886,-107.788133,H
Cucurbita_digitata,30.299142,-111.098761,H
Cucurbita_digitata,30.371122,-107.962394,H
Cucurbita_digitata,30.826939,-109.223611,H
Cucurbita_digitata,31.875,-107.675,H
Cucurbita_digitata,33.98365,-111.708756,H
Cucurbita_digitata,33.98365,-111.708756,H
Cucurbita_digitata,31.491667,-115.358333,H
Cucurbita_digitata,31.491667,-115.358333,H
Cucurbita_digitata,31.917579,-107.667145,H
Cucurbita_digitata,29.770833,-109.198611,H
Cucurbita_digitata,30.080556,-111.097222,H
Cucurbita_digitata,30.325,-110.809722,H
Cucurbita_digitata,30.603056,-110.101944,H
Cucurbita_digitata,30.806917,-110.591117,H
Cucurbita_digitata,30.855278,-110.6625,H
Cucurbita_digitata,30.870833,-110.725,H
Cucurbita_digitata,31.262778,-110.585278,H
Cucurbita_digitata,28.065278,-109.385556,H
Cucurbita_digitata,30.091667,-115.691667,H
Cucurbita_digitata,30.091667,-115.691667,H
Cucurbita_digitata,30.8775,-109.210556,H
Cucurbita_digitata,30.931111,-109.571389,H
Cucurbita_digitata,30.95881,-108.338823,H
Cucurbita_digitata,31.001111,-108.068056,H
Cucurbita_digitata,31.348637,-110.225816,H
Cucurbita_digitata,31.396636,-111.034269,H
Cucurbita_digitata,31.40248,-111.088094,H
Cucurbita_digitata,31.402577,-111.088203,H
Cucurbita_digitata,31.402601,-111.088321,H
Cucurbita_digitata,31.40274,-111.088203,H
Cucurbita_digitata,31.471483,-110.26738,H
Cucurbita_digitata,31.487092,-110.737205,H
Cucurbita_digitata,32.057918,-110.07907,H
Cucurbita_digitata,32.058423,-110.077337,H
Cucurbita_digitata,32.058608,-110.077527,H
Cucurbita_digitata,32.058646,-110.077689,H
Cucurbita_digitata,32.058691,-110.077647,H
Cucurbita_digitata,32.058777,-110.077585,H
Cucurbita_digitata,32.060181,-110.077182,H
Cucurbita_digitata,32.347033,-111.093261,H
Cucurbita_digitata,32.347258,-111.093217,H
Cucurbita_digitata,32.428944,-110.911843,H
Cucurbita_digitata,32.428944,-110.911843,H
Cucurbita_digitata,32.444,-108.6745,H
Cucurbita_digitata,32.613682,-111.430426,H
Cucurbita_digitata,33.795243,-111.791043,H
Cucurbita_digitata,34.14676,-112.002804,H
Cucurbita_digitata,34.40374,-112.865138,H
Cucurbita_digitata,33.359238,-114.71144,H
Cucurbita_digitata,31.96767,-110.46497,H
Cucurbita_digitata,30.016667,-110.216667,H
Cucurbita_digitata,30.911944,-110.860278,H
Cucurbita_digitata,30.911944,-110.860278,H
Cucurbita_digitata,31.21666,-115.6,H
Cucurbita_digitata,32.07666,-110.45,H
Cucurbita_digitata,32.316667,-114.216667,H
Cucurbita_digitata,30.00778,-110.21556,H
Cucurbita_digitata,30.025,-110.175,H
Cucurbita_digitata,30.241667,-107.741667,H
Cucurbita_digitata,30.241667,-107.741667,H
Cucurbita_digitata,30.241667,-107.741667,H
Cucurbita_digitata,30.891667,-110.858333,H
Cucurbita_digitata,30.891667,-110.858333,H
Cucurbita_digitata,30.891667,-110.858333,H
Cucurbita_digitata,32.262394,-114.10153,H
Cucurbita_digitata,32.271695,-114.114293,H
Cucurbita_digitata,32.281111,-114.230556,H
Cucurbita_digitata,32.281389,-114.230833,H
Cucurbita_digitata,32.306944,-114.331111,H
Cucurbita_digitata,32.323569,-114.255003,H
Cucurbita_digitata,31.677927,-110.65567,H
Cucurbita_digitata,29.816111,-111.074722,H
Cucurbita_digitata,29.916667,-111.652778,H
Cucurbita_digitata,30.04528,-111.22972,H
Cucurbita_digitata,30.108333,-115.675,H
Cucurbita_digitata,30.108333,-115.675,H
Cucurbita_digitata,30.678333,-108.293333,H
Cucurbita_digitata,30.735,-108.38,H
Cucurbita_digitata,30.81,-108.45,H
Cucurbita_digitata,30.836667,-108.51,H
Cucurbita_digitata,30.906667,-108.421667,H
Cucurbita_digitata,30.675,-110.908333,H
Cucurbita_digitata,30.9554519,-110.8678834,H
Cucurbita_digitata,31.058333,-110.891667,H
Cucurbita_digitata,30.191667,-107.658333,H
Cucurbita_digitata,30.191667,-107.658333,H
Cucurbita_digitata,30.291667,-107.808333,H
Cucurbita_digitata,30.291667,-107.808333,H
Cucurbita_digitata,30.291667,-107.808333,H
Cucurbita_digitata,33.9274,-116.6329,H
Cucurbita_digitata,33.9274,-116.6329,H
Cucurbita_digitata,31.333333,-115.75,H
Cucurbita_digitata,30.07656,-115.70065,H
Cucurbita_digitata,31.491667,-115.358333,H
Cucurbita_digitata,31.591667,-115.858333,H
Cucurbita_digitata,31.608333,-115.708333,H
Cucurbita_digitata,31.708333,-115.841667,H
Cucurbita_digitata,31.875,-116.141667,H
Cucurbita_digitata,31.858333,-116.091667,H
Cucurbita_digitata,32.92,-111.42,H
Cucurbita_digitata,31.33333,-115.75,H
Cucurbita_digitata,32.76972,-116.49083,H
Cucurbita_digitata,29.882778,-109.301111,H
Cucurbita_digitata,30.125,-107.625,H
Cucurbita_digitata,30.125,-107.625,H
Cucurbita_digitata,30.208333,-107.975,H
Cucurbita_digitata,30.208333,-107.975,H
Cucurbita_digitata,30.758333,-115.225,H
Cucurbita_digitata,30.758333,-115.225,H
Cucurbita_digitata,32.7806866,-108.4811472,H
Cucurbita_palmata,34.42389,-119.70694,G
Cucurbita_palmata,32.713843,-114.42268,G
Cucurbita_palmata,33.078535,-116.531167,G
Cucurbita_palmata,33.133228,-116.525157,G
Cucurbita_palmata,33.151165,-116.545065,G
Cucurbita_palmata,33.426885,-116.835336,G
Cucurbita_palmata,33.91319,-116.78263,G
Cucurbita_palmata,34.050013,-116.55643,G
Cucurbita_palmata,34.1233,-112.95191,G
Cucurbita_palmata,34.13519,-116.3502,G
Cucurbita_palmata,34.13522,-116.16705,G
Cucurbita_palmata,34.728813,-115.675533,G
Cucurbita_palmata,34.91683,-115.64769,G
Cucurbita_palmata,34.916833,-115.647689,G
Cucurbita_palmata,34.97063,-115.64499,G
Cucurbita_palmata,34.99561,-115.10468,G
Cucurbita_palmata,34.999057,-115.654694,G
Cucurbita_palmata,35.06151,-114.2301,G
Cucurbita_palmata,35.13639,-115.53082,G
Cucurbita_palmata,35.21665,-118.72771,G
Cucurbita_palmata,35.22034,-115.87805,G
Cucurbita_palmata,35.51123,-117.66929,G
Cucurbita_palmata,35.54807,-119.08648,G
Cucurbita_palmata,35.59491,-118.24039,G
Cucurbita_palmata,35.60935,-118.90081,G
Cucurbita_palmata,35.61679,-118.25359,G
Cucurbita_palmata,35.66409,-118.32256,G
Cucurbita_palmata,35.67,-118.25,G
Cucurbita_palmata,35.692,-118.2896,G
Cucurbita_palmata,35.69299,-118.28584,G
Cucurbita_palmata,36.48192,-119.12024,G
Cucurbita_palmata,37.13681,-120.27157,G
Cucurbita_palmata,32.548965,-115.231809,H
Cucurbita_palmata,32.672826,-114.146882,H
Cucurbita_palmata,32.678948,-115.498883,H
Cucurbita_palmata,32.738671,-115.967512,H
Cucurbita_palmata,32.845234,-114.905783,H
Cucurbita_palmata,32.847553,-115.569439,H
Cucurbita_palmata,32.847553,-115.569439,H
Cucurbita_palmata,32.847553,-115.569439,H
Cucurbita_palmata,32.847553,-115.569439,H
Cucurbita_palmata,33.212541,-116.233619,H
Cucurbita_palmata,33.44978,-117.42249,H
Cucurbita_palmata,33.712519,-115.402205,H
Cucurbita_palmata,33.827241,-117.027249,H
Cucurbita_palmata,33.916682,-116.75085,H
Cucurbita_palmata,34.022789,-118.405633,H
Cucurbita_palmata,34.022789,-118.405633,H
Cucurbita_palmata,35.026392,-114.38357,H
Cucurbita_palmata,35.23774,-119.003158,H
Cucurbita_palmata,35.23774,-119.003158,H
Cucurbita_palmata,35.267741,-119.307057,H
Cucurbita_palmata,35.267741,-119.307057,H
Cucurbita_palmata,35.382181,-118.9826,H
Cucurbita_palmata,35.382181,-118.9826,H
Cucurbita_palmata,35.382181,-118.9826,H
Cucurbita_palmata,35.382181,-118.9826,H
Cucurbita_palmata,35.382181,-118.9826,H
Cucurbita_palmata,35.41665,-115.584165,H
Cucurbita_palmata,35.41665,-115.584165,H
Cucurbita_palmata,35.41665,-115.584165,H
Cucurbita_palmata,35.41665,-115.584165,H
Cucurbita_palmata,35.521652,-115.316101,H
Cucurbita_palmata,35.521652,-115.316101,H
Cucurbita_palmata,35.588009,-118.49203,H
Cucurbita_palmata,35.606911,-120.16348,H
Cucurbita_palmata,35.729131,-118.409123,H
Cucurbita_palmata,35.7581,-115.1426,H
Cucurbita_palmata,35.823043,-113.570218,H
Cucurbita_palmata,36.042276,-120.905183,H
Cucurbita_palmata,36.172459,-114.429866,H
Cucurbita_palmata,36.20884,-116.919497,H
Cucurbita_palmata,36.336617,-119.223167,H
Cucurbita_palmata,36.455504,-116.867553,H
Cucurbita_palmata,36.606616,-120.189045,H
Cucurbita_palmata,36.733839,-119.497907,H
Cucurbita_palmata,37.1637,-113.43,H
Cucurbita_palmata,37.1637,-113.43,H
Cucurbita_palmata,38.047698,-121.795512,H
Cucurbita_palmata,38.10881,-119.051813,H
Cucurbita_palmata,38.138254,-120.370196,H
Cucurbita_palmata,38.152141,-121.24328,H
Cucurbita_palmata,31.635,-115.068333,H
Cucurbita_palmata,32.599998,-116.610001,H
Cucurbita_palmata,32.60478,-116.61307,H
Cucurbita_palmata,32.635,-116.58889,H
Cucurbita_palmata,32.635,-116.58889,H
Cucurbita_palmata,32.6681,-116.8228,H
Cucurbita_palmata,32.6681,-116.8228,H
Cucurbita_palmata,32.67686,-116.58352,H
Cucurbita_palmata,32.67686,-116.58352,H
Cucurbita_palmata,32.679,-115.4989,H
Cucurbita_palmata,32.71062,-117.08501,H
Cucurbita_palmata,32.71062,-117.08501,H
Cucurbita_palmata,32.713843,-114.42268,H
Cucurbita_palmata,32.71699,-116.87613,H
Cucurbita_palmata,32.71699,-116.87613,H
Cucurbita_palmata,32.71699,-116.87613,H
Cucurbita_palmata,32.80246,-116.11938,H
Cucurbita_palmata,32.80246,-116.11938,H
Cucurbita_palmata,32.8115,-116.2118,H
Cucurbita_palmata,32.8115,-116.2118,H
Cucurbita_palmata,32.84916,-116.92094,H
Cucurbita_palmata,32.84916,-116.92094,H
Cucurbita_palmata,32.860001,-116.209999,H
Cucurbita_palmata,32.98062,-116.41909,H
Cucurbita_palmata,32.98062,-116.41909,H
Cucurbita_palmata,33,-116.066667,H
Cucurbita_palmata,33,-116.066667,H
Cucurbita_palmata,33.0073,-116.45975,H
Cucurbita_palmata,33.0073,-116.45975,H
Cucurbita_palmata,33.0177,-116.4305,H
Cucurbita_palmata,33.0177,-116.4305,H
Cucurbita_palmata,33.02,-116.38,H
Cucurbita_palmata,33.0239,-116.10853,H
Cucurbita_palmata,33.0239,-116.10853,H
Cucurbita_palmata,33.028,-116.39726,H
Cucurbita_palmata,33.028,-116.39726,H
Cucurbita_palmata,33.02944,-116.39111,H
Cucurbita_palmata,33.02944,-116.39111,H
Cucurbita_palmata,33.0352,-116.5103,H
Cucurbita_palmata,33.0352,-116.5103,H
Cucurbita_palmata,33.04,-116.2655,H
Cucurbita_palmata,33.04,-116.2655,H
Cucurbita_palmata,33.040001,-116.870003,H
Cucurbita_palmata,33.04171,-116.86808,H
Cucurbita_palmata,33.04171,-116.86808,H
Cucurbita_palmata,33.042222,-116.411111,H
Cucurbita_palmata,33.042222,-116.411111,H
Cucurbita_palmata,33.05754,-116.41922,H
Cucurbita_palmata,33.05754,-116.41922,H
Cucurbita_palmata,33.07835,-116.531,H
Cucurbita_palmata,33.07835,-116.531,H
Cucurbita_palmata,33.078535,-116.531167,H
Cucurbita_palmata,33.11683,-116.43919,H
Cucurbita_palmata,33.11683,-116.43919,H
Cucurbita_palmata,33.12754,-116.33001,H
Cucurbita_palmata,33.12754,-116.33001,H
Cucurbita_palmata,33.128502,-116.441902,H
Cucurbita_palmata,33.133228,-116.525157,H
Cucurbita_palmata,33.13472,-116.37281,H
Cucurbita_palmata,33.13472,-116.37281,H
Cucurbita_palmata,33.13579,-116.29951,H
Cucurbita_palmata,33.13579,-116.29951,H
Cucurbita_palmata,33.13949,-116.38799,H
Cucurbita_palmata,33.13949,-116.38799,H
Cucurbita_palmata,33.14583,-116.54361,H
Cucurbita_palmata,33.14583,-116.54361,H
Cucurbita_palmata,33.145833,-116.543611,H
Cucurbita_palmata,33.145833,-116.543611,H
Cucurbita_palmata,33.151165,-116.545065,H
Cucurbita_palmata,33.1716,-116.3354,H
Cucurbita_palmata,33.1716,-116.3354,H
Cucurbita_palmata,33.171667,-116.335278,H
Cucurbita_palmata,33.1752,-116.3338,H
Cucurbita_palmata,33.1752,-116.3338,H
Cucurbita_palmata,33.200001,-116.599998,H
Cucurbita_palmata,33.2107,-116.45964,H
Cucurbita_palmata,33.2107,-116.45964,H
Cucurbita_palmata,33.21931,-116.46325,H
Cucurbita_palmata,33.21931,-116.46325,H
Cucurbita_palmata,33.304798,-116.179863,H
Cucurbita_palmata,33.3226,-116.3895,H
Cucurbita_palmata,33.3226,-116.3895,H
Cucurbita_palmata,33.3542,-116.375,H
Cucurbita_palmata,33.3542,-116.375,H
Cucurbita_palmata,33.39337,-116.37426,H
Cucurbita_palmata,33.39337,-116.37426,H
Cucurbita_palmata,33.40456,-116.10999,H
Cucurbita_palmata,33.40456,-116.10999,H
Cucurbita_palmata,33.42045,-116.83088,H
Cucurbita_palmata,33.42045,-116.83088,H
Cucurbita_palmata,33.426885,-116.835336,H
Cucurbita_palmata,33.476667,-116.870556,H
Cucurbita_palmata,33.6264,-115.906403,H
Cucurbita_palmata,33.6814,-117.3608,H
Cucurbita_palmata,33.682999,-117.166,H
Cucurbita_palmata,33.682999,-117.166,H
Cucurbita_palmata,33.683333,-115.966667,H
Cucurbita_palmata,33.69178,-116.33165,H
Cucurbita_palmata,33.69178,-116.33165,H
Cucurbita_palmata,33.733333,-116.233333,H
Cucurbita_palmata,33.735699,-115.809502,H
Cucurbita_palmata,33.7455,-116.3514,H
Cucurbita_palmata,33.7527,-114.5189,H
Cucurbita_palmata,33.752701,-114.518898,H
Cucurbita_palmata,33.752701,-114.518898,H
Cucurbita_palmata,33.757778,-117.119167,H
Cucurbita_palmata,33.757778,-117.119167,H
Cucurbita_palmata,33.75782,-117.11934,H
Cucurbita_palmata,33.75782,-117.11934,H
Cucurbita_palmata,33.7603,-116.5483,H
Cucurbita_palmata,33.7633,-117.4887,H
Cucurbita_palmata,33.7775,-116.055347,H
Cucurbita_palmata,33.802306,-117.099889,H
Cucurbita_palmata,33.802306,-117.099889,H
Cucurbita_palmata,33.833,-116.55,H
Cucurbita_palmata,33.833,-116.55,H
Cucurbita_palmata,33.833,-116.55,H
Cucurbita_palmata,33.9,-115.85,H
Cucurbita_palmata,33.91319,-116.78263,H
Cucurbita_palmata,33.963299,-117.376602,H
Cucurbita_palmata,33.981111,-116.838889,H
Cucurbita_palmata,33.981111,-116.838889,H
Cucurbita_palmata,33.983333,-116.841667,H
Cucurbita_palmata,33.983333,-116.841667,H
Cucurbita_palmata,33.983333,-116.841667,H
Cucurbita_palmata,34.008889,-116.051667,H
Cucurbita_palmata,34.008889,-116.051667,H
Cucurbita_palmata,34.038,-115.749,H
Cucurbita_palmata,34.043056,-116.566111,H
Cucurbita_palmata,34.043056,-116.566111,H
Cucurbita_palmata,34.05,-117.266667,H
Cucurbita_palmata,34.05,-117.266667,H
Cucurbita_palmata,34.050013,-116.55643,H
Cucurbita_palmata,34.1233,-112.95191,H
Cucurbita_palmata,34.13,-116.051667,H
Cucurbita_palmata,34.13,-116.051667,H
Cucurbita_palmata,34.13,-116.051667,H
Cucurbita_palmata,34.13519,-116.3502,H
Cucurbita_palmata,34.13522,-116.16705,H
Cucurbita_palmata,34.135433,-116.335017,H
Cucurbita_palmata,34.135433,-116.335017,H
Cucurbita_palmata,34.135556,-116.4575,H
Cucurbita_palmata,34.135556,-116.4575,H
Cucurbita_palmata,34.258333,-116.106667,H
Cucurbita_palmata,34.258333,-116.106667,H
Cucurbita_palmata,34.258333,-116.106667,H
Cucurbita_palmata,34.268333,-116.276667,H
Cucurbita_palmata,34.268333,-116.276667,H
Cucurbita_palmata,34.268333,-116.276667,H
Cucurbita_palmata,34.271667,-115.708333,H
Cucurbita_palmata,34.271667,-115.708333,H
Cucurbita_palmata,34.271667,-115.708333,H
Cucurbita_palmata,34.323056,-114.311389,H
Cucurbita_palmata,34.323056,-114.311389,H
Cucurbita_palmata,34.324167,-116.418333,H
Cucurbita_palmata,34.324167,-116.418333,H
Cucurbita_palmata,34.3775,-116.178611,H
Cucurbita_palmata,34.3775,-116.178611,H
Cucurbita_palmata,34.431667,-114.534722,H
Cucurbita_palmata,34.431667,-114.534722,H
Cucurbita_palmata,34.446111,-115.78,H
Cucurbita_palmata,34.446111,-115.78,H
Cucurbita_palmata,34.618333,-115.663333,H
Cucurbita_palmata,34.618333,-115.663333,H
Cucurbita_palmata,34.618333,-115.663333,H
Cucurbita_palmata,34.70525,-116.817233,H
Cucurbita_palmata,34.70525,-116.817233,H
Cucurbita_palmata,34.728813,-115.675533,H
Cucurbita_palmata,34.738333,-115.683333,H
Cucurbita_palmata,34.738333,-115.683333,H
Cucurbita_palmata,34.74,-115.68,H
Cucurbita_palmata,34.74,-115.68,H
Cucurbita_palmata,34.783611,-115.651667,H
Cucurbita_palmata,34.823333,-116.691944,H
Cucurbita_palmata,34.823333,-116.691944,H
Cucurbita_palmata,34.82605,-115.36214,H
Cucurbita_palmata,34.829583,-116.335,H
Cucurbita_palmata,34.829583,-116.335,H
Cucurbita_palmata,34.895278,-117.024167,H
Cucurbita_palmata,34.895278,-117.024167,H
Cucurbita_palmata,34.91683,-115.64769,H
Cucurbita_palmata,34.916833,-115.647689,H
Cucurbita_palmata,34.93,-119.656,H
Cucurbita_palmata,34.97063,-115.64499,H
Cucurbita_palmata,34.99561,-115.10468,H
Cucurbita_palmata,34.999057,-115.654694,H
Cucurbita_palmata,35.055,-115.597639,H
Cucurbita_palmata,35.06151,-114.2301,H
Cucurbita_palmata,35.119164,-116.298058,H
Cucurbita_palmata,35.119194,-116.298083,H
Cucurbita_palmata,35.119194,-116.298083,H
Cucurbita_palmata,35.119194,-116.298083,H
Cucurbita_palmata,35.133333,-116.766667,H
Cucurbita_palmata,35.13639,-115.53082,H
Cucurbita_palmata,35.14666,-115.733887,H
Cucurbita_palmata,35.177467,-115.517617,H
Cucurbita_palmata,35.177467,-115.517617,H
Cucurbita_palmata,35.21665,-118.72771,H
Cucurbita_palmata,35.22034,-115.87805,H
Cucurbita_palmata,35.26889,-119.001938,H
Cucurbita_palmata,35.429722,-118.728333,H
Cucurbita_palmata,35.429722,-118.728333,H
Cucurbita_palmata,35.51123,-117.66929,H
Cucurbita_palmata,35.539,-116.4297,H
Cucurbita_palmata,35.54807,-119.08648,H
Cucurbita_palmata,35.585,-116.443,H
Cucurbita_palmata,35.59491,-118.24039,H
Cucurbita_palmata,35.60935,-118.90081,H
Cucurbita_palmata,35.61679,-118.25359,H
Cucurbita_palmata,35.6241,-118.955299,H
Cucurbita_palmata,35.6241,-118.955299,H
Cucurbita_palmata,35.66409,-118.32256,H
Cucurbita_palmata,35.692,-118.2896,H
Cucurbita_palmata,35.69299,-118.28584,H
Cucurbita_palmata,35.768,-120.799,H
Cucurbita_palmata,36.041667,-120.12,H
Cucurbita_palmata,36.041667,-120.12,H
Cucurbita_palmata,36.386452,-119.097664,H
Cucurbita_palmata,36.48192,-119.12024,H
Cucurbita_palmata,36.523315,-119.284882,H
Cucurbita_palmata,36.896667,-113.913056,H
Cucurbita_palmata,36.986908,-119.710297,H
Cucurbita_palmata,36.986908,-119.710297,H
Cucurbita_palmata,37.13681,-120.27157,H
Cucurbita_palmata,37.139606,-120.273956,H
Cucurbita_palmata,37.163889,-113.43,H
Cucurbita_palmata,37.163889,-113.43,H
Cucurbita_palmata,37.163889,-113.43,H
Cucurbita_palmata,37.76667,-120.846107,H
Cucurbita_palmata,29.958333,-115.008333,H
Cucurbita_palmata,31.558333,-116.425,H
Cucurbita_palmata,32.275,-116.191667,H
Cucurbita_palmata,30.108333,-114.625,H
Cucurbita_palmata,30.108333,-114.625,H
Cucurbita_palmata,30.191667,-115.125,H
Cucurbita_palmata,30.191667,-115.125,H
Cucurbita_palmata,31.208333,-114.941667,H
Cucurbita_palmata,31.208333,-114.941667,H
Cucurbita_palmata,31.258333,-114.958333,H
Cucurbita_palmata,31.258333,-114.958333,H
Cucurbita_palmata,31.441667,-115.058333,H
Cucurbita_palmata,31.441667,-115.058333,H
Cucurbita_palmata,34.675,-115.675,H
Cucurbita_palmata,35.61527,-118.21389,H
Cucurbita_palmata,35.61527,-118.21389,H
Cucurbita_palmata,33.2744,-115.5614,H
Cucurbita_palmata,33.757778,-117.119167,H
Cucurbita_palmata,34.5335,-114.4438,H
Cucurbita_palmata,34.8652,-116.8556,H
Cucurbita_palmata,34.8652,-116.8556,H
Cucurbita_palmata,35.0389,-116.3828,H
Cucurbita_palmata,33.758056,-117.119444,H
Cucurbita_palmata,35.75,-119.081389,H
Cucurbita_palmata,36.083333,-120.478611,H
Cucurbita_palmata,36.217222,-120.475,H
Cucurbita_palmata,26.341667,-111.891667,H
Cucurbita_palmata,27.008333,-112.391667,H
Cucurbita_palmata,27.575,-113.075,H
Cucurbita_palmata,33.5715,-116.2191,H
Cucurbita_palmata,33.6634,-116.31,H
Cucurbita_palmata,33.6895,-115.7184,H
Cucurbita_palmata,26.9125,-108.918056,H
Cucurbita_palmata,31.583333,-116.533333,H
Cucurbita_palmata,31.591667,-116.541667,H
Cucurbita_palmata,31.591667,-116.541667,H
Cucurbita_palmata,32.055556,-113.750556,H
Cucurbita_palmata,32.08,-113.883611,H
Cucurbita_palmata,32.203925,-113.856767,H
Cucurbita_palmata,32.249622,-114.080772,H
Cucurbita_palmata,32.376111,-114.533889,H
Cucurbita_palmata,32.389931,-114.472767,H
Cucurbita_palmata,32.390363,-114.474147,H
Cucurbita_palmata,30.173889,-110.605833,H
Cucurbita_palmata,30.173889,-110.605833,H
Cucurbita_palmata,30.173889,-110.605833,H
Cucurbita_palmata,30.173889,-110.605833,H
Cucurbita_palmata,30.331667,-110.726944,H
Cucurbita_palmata,30.747778,-109.925,H
Cucurbita_palmata,30.351667,-111.110556,H
Cucurbita_palmata,31.983333,-116.141667,H
Cucurbita_palmata,32.458333,-116.858333,H
Cucurbita_palmata,32.458333,-116.858333,H
Cucurbita_palmata,32.991667,-116.141667,H
Cucurbita_palmata,32.67362,-116.10797,H
Cucurbita_palmata,32.79489,-116.96238,H
Cucurbita_palmata,34.0089,-116.051633,H
Cucurbita_palmata,34.618333,-115.663333,H
Cucurbita_palmata,33.7455,-116.3514,H
Cucurbita_palmata,34.0401,-116.5678,H
Cucurbita_palmata,35.349988,-115.323556,H
Cucurbita_palmata,29.675,-111.041667,H
Cucurbita_palmata,30.063799,-115.71981,H
Cucurbita_palmata,32.665152,-116.835999,H
Cucurbita_palmata,32.675617,-116.826233,H
Cucurbita_palmata,32.715606,-116.444595,H
Cucurbita_palmata,32.74975,-115.984626,H
Cucurbita_palmata,32.837778,-116.211111,H
Cucurbita_palmata,32.938007,-116.264707,H
Cucurbita_palmata,32.953361,-116.288117,H
Cucurbita_palmata,32.956667,-116.413056,H
Cucurbita_palmata,32.9575,-116.399722,H
Cucurbita_palmata,32.964722,-116.446389,H
Cucurbita_palmata,32.971944,-116.447778,H
Cucurbita_palmata,32.972778,-116.438611,H
Cucurbita_palmata,32.972778,-116.438889,H
Cucurbita_palmata,33.011089,-116.456215,H
Cucurbita_palmata,33.01319,-116.450963,H
Cucurbita_palmata,33.0239,-116.4305,H
Cucurbita_palmata,33.127,-116.425037,H
Cucurbita_palmata,33.128657,-116.425784,H
Cucurbita_palmata,33.129659,-116.431619,H
Cucurbita_palmata,33.12971,-116.432153,H
Cucurbita_palmata,33.131389,-116.536667,H
Cucurbita_palmata,33.131667,-116.536389,H
Cucurbita_palmata,33.131783,-116.537987,H
Cucurbita_palmata,33.131944,-116.538333,H
Cucurbita_palmata,33.133889,-116.54,H
Cucurbita_palmata,33.134265,-116.434478,H
Cucurbita_palmata,33.135239,-116.465232,H
Cucurbita_palmata,33.138844,-116.46133,H
Cucurbita_palmata,33.140151,-116.459606,H
Cucurbita_palmata,33.140856,-116.437569,H
Cucurbita_palmata,33.144944,-116.452939,H
Cucurbita_palmata,33.145,-116.452778,H
Cucurbita_palmata,33.169722,-116.520833,H
Cucurbita_palmata,33.203889,-116.454167,H
Cucurbita_palmata,33.210438,-116.456683,H
Cucurbita_palmata,33.211101,-116.438484,H
Cucurbita_palmata,33.223675,-116.460061,H
Cucurbita_palmata,33.271492,-116.410933,H
Cucurbita_palmata,33.370425,-116.453093,H
Cucurbita_palmata,33.370473,-116.455128,H
Cucurbita_palmata,33.379399,-116.452395,H
Cucurbita_palmata,33.379661,-116.452312,H
Cucurbita_palmata,33.381181,-116.454591,H
Cucurbita_palmata,33.382408,-116.458201,H
Cucurbita_palmata,33.444376,-116.868494,H
Cucurbita_palmata,33.626503,-116.507547,H
Cucurbita_palmata,33.669372,-116.422406,H
Cucurbita_palmata,33.691387,-116.432503,H
Cucurbita_palmata,33.691625,-116.432697,H
Cucurbita_palmata,33.712486,-116.517853,H
Cucurbita_palmata,33.714124,-116.522179,H
Cucurbita_palmata,33.721194,-116.445556,H
Cucurbita_palmata,33.756662,-116.477848,H
Cucurbita_palmata,33.769898,-116.43823,H
Cucurbita_palmata,33.776542,-116.078685,H
Cucurbita_palmata,33.777312,-116.552338,H
Cucurbita_palmata,33.780491,-116.567544,H
Cucurbita_palmata,33.781249,-116.488261,H
Cucurbita_palmata,33.78236,-116.482118,H
Cucurbita_palmata,33.80232,-115.92824,H
Cucurbita_palmata,33.805557,-115.77639,H
Cucurbita_palmata,33.817948,-115.765686,H
Cucurbita_palmata,33.855333,-115.720972,H
Cucurbita_palmata,33.857658,-115.736418,H
Cucurbita_palmata,33.905364,-116.800983,H
Cucurbita_palmata,33.908299,-116.801727,H
Cucurbita_palmata,33.927469,-115.911758,H
Cucurbita_palmata,33.959983,-116.018775,H
Cucurbita_palmata,33.993473,-116.148148,H
Cucurbita_palmata,33.995815,-118.071306,H
Cucurbita_palmata,34.05634,-115.40845,H
Cucurbita_palmata,34.06916,-116.035402,H
Cucurbita_palmata,34.072187,-116.035751,H
Cucurbita_palmata,34.088074,-116.519587,H
Cucurbita_palmata,34.090426,-116.079437,H
Cucurbita_palmata,34.096772,-116.152126,H
Cucurbita_palmata,34.11373,-116.35732,H
Cucurbita_palmata,34.12247,-116.311263,H
Cucurbita_palmata,34.177194,-116.048074,H
Cucurbita_palmata,34.236748,-116.266379,H
Cucurbita_palmata,34.609578,-115.6604,H
Cucurbita_palmata,34.619179,-115.039805,H
Cucurbita_palmata,34.788554,-116.680423,H
Cucurbita_palmata,34.788554,-116.680423,H
Cucurbita_palmata,34.806841,-116.843204,H
Cucurbita_palmata,34.809066,-116.664435,H
Cucurbita_palmata,34.809066,-116.664435,H
Cucurbita_palmata,34.8375,-115.6525,H
Cucurbita_palmata,34.908405,-116.815665,H
Cucurbita_palmata,34.935066,-114.034458,H
Cucurbita_palmata,35.012389,-115.653038,H
Cucurbita_palmata,35.048992,-115.394243,H
Cucurbita_palmata,35.14262,-115.527,H
Cucurbita_palmata,35.204864,-115.8701,H
Cucurbita_palmata,35.226533,-114.684058,H
Cucurbita_palmata,35.227763,-114.6853,H
Cucurbita_palmata,35.232457,-115.814571,H
Cucurbita_palmata,35.269711,-114.685035,H
Cucurbita_palmata,35.36908,-117.65632,H
Cucurbita_palmata,35.472711,-114.867369,H
Cucurbita_palmata,35.703355,-114.819412,H
Cucurbita_palmata,35.708332,-114.825053,H
Cucurbita_palmata,35.794118,-115.961895,H
Cucurbita_palmata,35.801433,-116.192025,H
Cucurbita_palmata,35.803656,-116.191171,H
Cucurbita_palmata,36.075394,-115.00182,H
Cucurbita_palmata,36.075614,-115.002434,H
Cucurbita_palmata,36.075632,-115.002497,H
Cucurbita_palmata,36.075683,-115.00255,H
Cucurbita_palmata,36.07574,-115.002598,H
Cucurbita_palmata,36.088228,-114.978533,H
Cucurbita_palmata,36.322512,-115.260545,H
Cucurbita_palmata,36.42954,-114.513886,H
Cucurbita_palmata,36.429558,-114.515183,H
Cucurbita_palmata,36.436492,-115.352203,H
Cucurbita_palmata,36.469167,-119.023072,H
Cucurbita_palmata,36.522645,-114.139733,H
Cucurbita_palmata,23.488889,-110.204167,H
Cucurbita_palmata,34.13,-116.051667,H
Cucurbita_palmata,34.1342,-116.4562,H
Cucurbita_palmata,34.271667,-115.708333,H
Cucurbita_palmata,32.86092,-116.20943,H
Cucurbita_palmata,33.20325,-116.2324,H
Cucurbita_palmata,33.7527,-114.5189,H
Cucurbita_palmata,33.7527,-114.5189,H
Cucurbita_palmata,34.1118,-117.3711,H
Cucurbita_palmata,34.7283,-116.3135,H
Cucurbita_palmata,34.922255,-114.914806,H
Cucurbita_palmata,35.14666,-115.73389,H
Cucurbita_palmata,36.986908,-119.7103,H
Cucurbita_palmata,36.986908,-119.7103,H
Cucurbita_palmata,37.66408939,-120.4611217,H
Cucurbita_palmata,37.76667,-120.84611,H
Cucurbita_palmata,33.851094,-115.748642,H
Cucurbita_palmata,33.851094,-115.748642,H
Cucurbita_palmata,33.92928,-116.074934,H
Cucurbita_palmata,34.135478,-116.056778,H
Cucurbita_palmata,31.883333,-116.316667,H
Cucurbita_palmata,32.25,-114.066667,H
Cucurbita_palmata,31.225,-115.608333,H
Cucurbita_palmata,31.225,-115.608333,H
Cucurbita_palmata,31.028889,-114.843611,H
Cucurbita_palmata,31.308333,-115.508333,H
Cucurbita_palmata,31.308333,-115.46,H
Cucurbita_palmata,31.275,-114.975,H
Cucurbita_palmata,31.275,-114.975,H
Cucurbita_palmata,32.79489,-116.96238,H
Cucurbita_palmata,32.258333,-115.291667,H
Cucurbita_palmata,32.258333,-115.291667,H
Cucurbita_palmata,32.575,-116.158333,H
Cucurbita_palmata,35.00322,-119.50501,H
Cucurbita_palmata,32.67895,-115.498883,H
Cucurbita_palmata,32.73902,-114.71142,H
Cucurbita_palmata,33.27138,-116.41994,H
Cucurbita_palmata,33.283436,-116.43559,H
Cucurbita_palmata,33.6814,-117.3608,H
Cucurbita_palmata,33.7272,-117.2907,H
Cucurbita_palmata,33.7446,-116.5378,H
Cucurbita_palmata,33.9177,-116.7878,H
Cucurbita_palmata,34.094533,-117.648592,H
Cucurbita_palmata,34.699587,-115.608558,H
Cucurbita_palmata,34.728489,-116.313383,H
Cucurbita_palmata,34.919965,-115.06355,H
Cucurbita_palmata,35.1086,-116.123,H
Cucurbita_palmata,35.371733,-119.018725,H
Cucurbita_palmata,35.37283,-119.018705,H
Cucurbita_palmata,35.738533,-118.635699,H
Cucurbita_palmata,30.05,-115.5,H
Cucurbita_palmata,32.15,-115.8,H
Cucurbita_palmata,32.63198,-116.8852,H
Cucurbita_palmata,32.72894,-116.09931,H
Cucurbita_palmata,32.73902,-114.71142,H
Cucurbita_palmata,32.8694,-116.6944,H
Cucurbita_palmata,32.97631,-115.04072,H
Cucurbita_palmata,33.0784,-116.531,H
Cucurbita_palmata,33.09281,-116.05603,H
Cucurbita_palmata,33.09596,-115.90619,H
Cucurbita_palmata,33.134611,-116.346111,H
Cucurbita_palmata,33.14161,-116.28227,H
Cucurbita_palmata,33.171611,-116.335389,H
Cucurbita_palmata,33.2203,-115.3942,H
Cucurbita_palmata,33.439167,-116.861389,H
Cucurbita_palmata,33.476667,-116.870556,H
Cucurbita_palmata,33.5882,-115.4219,H
Cucurbita_palmata,33.60719,-114.91219,H
Cucurbita_palmata,33.625,-115.9,H
Cucurbita_palmata,33.672333,-115.808556,H
Cucurbita_palmata,33.683333,-115.966667,H
Cucurbita_palmata,33.7101,-115.4045,H
Cucurbita_palmata,33.716111,-115.451389,H
Cucurbita_palmata,33.733333,-116.233333,H
Cucurbita_palmata,33.7455,-116.3514,H
Cucurbita_palmata,33.7527,-114.5189,H
Cucurbita_palmata,33.757778,-117.119167,H
Cucurbita_palmata,33.760278,-116.548333,H
Cucurbita_palmata,33.763272,-117.488694,H
Cucurbita_palmata,33.83298414,-116.5506019,H
Cucurbita_palmata,33.83298414,-116.5506019,H
Cucurbita_palmata,33.9,-115.85,H
Cucurbita_palmata,33.9208,-116.7516,H
Cucurbita_palmata,33.983333,-116.841667,H
Cucurbita_palmata,34.0093,-116.055901,H
Cucurbita_palmata,34.04356,-114.8497,H
Cucurbita_palmata,34.055568,-117.181504,H
Cucurbita_palmata,34.05785,-114.86854,H
Cucurbita_palmata,34.0707,-116.55,H
Cucurbita_palmata,34.113067,-117.291902,H
Cucurbita_palmata,34.11423,-115.34131,H
Cucurbita_palmata,34.11923,-115.45177,H
Cucurbita_palmata,34.12852,-116.03999,H
Cucurbita_palmata,34.165361,-115.757972,H
Cucurbita_palmata,34.2271,-115.72293,H
Cucurbita_palmata,34.24158,-116.47713,H
Cucurbita_palmata,34.268333,-116.276667,H
Cucurbita_palmata,34.2771,-119.2865,H
Cucurbita_palmata,34.2793,-116.48354,H
Cucurbita_palmata,34.30517,-115.06028,H
Cucurbita_palmata,34.3336,-116.60124,H
Cucurbita_palmata,34.56018,-115.642348,H
Cucurbita_palmata,34.618333,-115.663333,H
Cucurbita_palmata,34.620667,-115.67475,H
Cucurbita_palmata,34.720941,-115.992655,H
Cucurbita_palmata,34.759617,-115.684733,H
Cucurbita_palmata,34.774701,-115.744113,H
Cucurbita_palmata,34.88452,-118.39663,H
Cucurbita_palmata,34.8917,-115.7201,H
Cucurbita_palmata,34.911217,-115.53035,H
Cucurbita_palmata,34.970579,-115.570911,H
Cucurbita_palmata,35.01789,-115.566594,H
Cucurbita_palmata,35.040133,-114.97805,H
Cucurbita_palmata,35.049935,-115.55594,H
Cucurbita_palmata,35.055,-115.597639,H
Cucurbita_palmata,35.119194,-116.298083,H
Cucurbita_palmata,35.133333,-116.766667,H
Cucurbita_palmata,35.167717,-115.4818,H
Cucurbita_palmata,35.313369,-119.359489,H
Cucurbita_palmata,35.349988,-115.323556,H
Cucurbita_palmata,35.361649,-115.333413,H
Cucurbita_palmata,35.44625,-115.2407,H
Cucurbita_palmata,35.4662,-115.6884,H
Cucurbita_palmata,35.567311,-115.716257,H
Cucurbita_palmata,35.61527,-118.21389,H
Cucurbita_palmata,35.669767,-118.903367,H
Cucurbita_palmata,35.794702,-115.961723,H
Cucurbita_palmata,35.794702,-115.961723,H
Cucurbita_palmata,35.8013,-115.9723,H
Cucurbita_palmata,35.9613,-117.3357,H
Cucurbita_palmata,36.130178,-118.925892,H
Cucurbita_palmata,36.335046,-119.41421,H
Cucurbita_palmata,34.82605,-115.36214,H
Cucurbita_palmata,33.02,-116.38,H
Cucurbita_palmata,33.08535,-116.10979,H
Cucurbita_palmata,33.757778,-117.119167,H
Cucurbita_palmata,33.757778,-117.119167,H
Cucurbita_palmata,34.038,-115.749,H
Cucurbita_palmata,34.798372,-116.88551,H
Cucurbita_palmata,34.9373,-118.9225,H
Cucurbita_palmata,34.95,-119.688,H
Cucurbita_palmata,35.539,-116.4297,H
Cucurbita_palmata,35.585,-116.443,H
Cucurbita_palmata,35.768,-120.799,H
Cucurbita_palmata,35.9613,-117.3357,H
Cucurbita_palmata,32.60478,-116.61307,H
Cucurbita_palmata,32.635,-116.58889,H
Cucurbita_palmata,32.6589,-116.1008,H
Cucurbita_palmata,32.6681,-116.8228,H
Cucurbita_palmata,32.67686,-116.58352,H
Cucurbita_palmata,32.68873,-116.65059,H
Cucurbita_palmata,32.71062,-117.08501,H
Cucurbita_palmata,32.71699,-116.87613,H
Cucurbita_palmata,32.71699,-116.87613,H
Cucurbita_palmata,32.78615,-116.16784,H
Cucurbita_palmata,32.80246,-116.11938,H
Cucurbita_palmata,32.80956,-116.21391,H
Cucurbita_palmata,32.8115,-116.2118,H
Cucurbita_palmata,32.84753,-116.20065,H
Cucurbita_palmata,32.84916,-116.92094,H
Cucurbita_palmata,32.8703,-116.2357,H
Cucurbita_palmata,32.8725,-116.2289,H
Cucurbita_palmata,32.87746,-116.31064,H
Cucurbita_palmata,32.87898,-116.20993,H
Cucurbita_palmata,32.96587,-116.30642,H
Cucurbita_palmata,32.98062,-116.41909,H
Cucurbita_palmata,32.98306,-116.44331,H
Cucurbita_palmata,33.0073,-116.45975,H
Cucurbita_palmata,33.0177,-116.4305,H
Cucurbita_palmata,33.0239,-116.10853,H
Cucurbita_palmata,33.028,-116.39726,H
Cucurbita_palmata,33.02944,-116.39111,H
Cucurbita_palmata,33.0352,-116.5103,H
Cucurbita_palmata,33.04,-116.2655,H
Cucurbita_palmata,33.04171,-116.86808,H
Cucurbita_palmata,33.05754,-116.41922,H
Cucurbita_palmata,33.07835,-116.531,H
Cucurbita_palmata,33.09772,-116.52683,H
Cucurbita_palmata,33.09869,-116.47147,H
Cucurbita_palmata,33.1129,-116.34511,H
Cucurbita_palmata,33.11683,-116.43919,H
Cucurbita_palmata,33.12754,-116.33001,H
Cucurbita_palmata,33.13456,-116.34607,H
Cucurbita_palmata,33.13472,-116.37281,H
Cucurbita_palmata,33.13579,-116.29951,H
Cucurbita_palmata,33.13949,-116.38799,H
Cucurbita_palmata,33.14583,-116.54361,H
Cucurbita_palmata,33.16684,-116.25866,H
Cucurbita_palmata,33.1716,-116.3354,H
Cucurbita_palmata,33.1752,-116.3338,H
Cucurbita_palmata,33.2107,-116.45964,H
Cucurbita_palmata,33.21218,-116.4666,H
Cucurbita_palmata,33.21931,-116.46325,H
Cucurbita_palmata,33.27901,-116.41045,H
Cucurbita_palmata,33.3226,-116.3895,H
Cucurbita_palmata,33.3542,-116.375,H
Cucurbita_palmata,33.3592,-116.40423,H
Cucurbita_palmata,33.38261,-116.45847,H
Cucurbita_palmata,33.3829,-116.0344,H
Cucurbita_palmata,33.39337,-116.37426,H
Cucurbita_palmata,33.40456,-116.10999,H
Cucurbita_palmata,33.42045,-116.83088,H
Cucurbita_palmata,33.7152,-115.45206,H
Cucurbita_palmata,33.75782,-117.11934,H
Cucurbita_palmata,34.51,-114.70846,H
Cucurbita_palmata,34.8917,-115.7201,H
Cucurbita_palmata,35.03927,-115.6754,H
Cucurbita_palmata,35.16772,-115.4818,H
Cucurbita_palmata,30.641667,-114.758333,H
Cucurbita_palmata,32.091667,-115.775,H
Cucurbita_palmata,32.375,-116.508333,H
Cucurbita_palmata,32.625,-115.991667,H
Cucurbita_palmata,32.74598,-115.97924,H
Cucurbita_palmata,32.74598,-115.97924,H
Cucurbita_palmata,33.115533,-116.439461,H
Cucurbita_palmata,33.115533,-116.439461,H
Cucurbita_palmata,34.3775,-116.17861,H
Cucurbita_palmata,34.44611,-115.78,H
Cucurbita_palmata,33.1125,-116.5225,H
Cucurbita_palmata,33.75782,-117.11934,H
Cucurbita_palmata,33.757825,-117.11934,H
Cucurbita_palmata,33.817111,-116.343972,H
Cucurbita_palmata,34.011164,-116.019552,H
Cucurbita_palmata,34.13,-116.051667,H
Cucurbita_palmata,34.135558,-116.054169,H
Cucurbita_palmata,34.400278,-116.383611,H
Cucurbita_palmata,34.4715,-114.5148,H
Cucurbita_palmata,34.783611,-115.651667,H
Cucurbita_palmata,35.012023,-115.653965,H
Cucurbita_palmata,34.03998622,-115.3605731,H
Cucurbita_palmata,33.016667,-116.433333,H
Cucurbita_palmata,29.958333,-115.008333,H
Cucurbita_palmata,31.558333,-116.425,H
Cucurbita_palmata,32.275,-116.191667,H
Cucurbita_palmata,31.583333,-116.533333,H
Cucurbita_palmata,32.266667,-116.183333,H
Cucurbita_palmata,32.6048,-116.613,H
Cucurbita_palmata,33.04179,-116.86803,H
Cucurbita_palmata,33.1285,-116.4419,H
Cucurbita_palmata,33.19917,-116.59861,H
Cucurbita_palmata,33.22217,-116.27,H
Cucurbita_palmata,33.22217,-116.27,H
Cucurbita_palmata,33.3048,-116.17986,H
Cucurbita_palmata,33.6264,-115.9064,H
Cucurbita_palmata,33.683,-117.166,H
Cucurbita_palmata,33.69178,-116.33165,H
Cucurbita_palmata,33.7152,-115.45206,H
Cucurbita_palmata,33.7272,-117.2907,H
Cucurbita_palmata,33.7357,-115.8095,H
Cucurbita_palmata,33.9545,-117.381,H
Cucurbita_palmata,33.9545,-117.381,H
Cucurbita_palmata,33.9633,-117.3766,H
Cucurbita_palmata,34.921917,-114.915806,H
Cucurbita_palmata,35.00322,-119.50501,H
Cucurbita_palmata,35.0403,-114.8258,H
Cucurbita_palmata,35.119164,-116.29806,H
Cucurbita_palmata,35.26889,-119.00194,H
Cucurbita_palmata,35.567311,-115.716257,H
Cucurbita_palmata,35.6241,-118.9553,H
Cucurbita_palmata,35.6241,-118.9553,H
Cucurbita_palmata,36.03192,-117.170906,H
Cucurbita_palmata,36.38645,-119.097664,H
Cucurbita_palmata,36.523315,-119.28488,H
Cucurbita_palmata,37.139606,-120.27396,H
Cucurbita_palmata,32.78921,-114.55606,H
Cucurbita_palmata,32.8034,-116.0759,H
Cucurbita_palmata,33.34,-116.0408,H
Cucurbita_palmata,35.05889,-119.4,H
Cucurbita_palmata,36.3217,-117.5162,H
Cucurbita_palmata,36.3925,-119.481944,H
Cucurbita_palmata,31.27972,-114.98386,H
Cucurbita_palmata,31.635,-115.06833,H
Cucurbita_palmata,32.68869,-116.65061,H
Cucurbita_palmata,32.99694,-116.05833,H
Cucurbita_palmata,33,-116.06667,H
Cucurbita_palmata,33.04222,-116.41111,H
Cucurbita_palmata,33.14583,-116.54361,H
Cucurbita_palmata,33.63806,-117.29139,H
Cucurbita_palmata,33.71861,-117.29722,H
Cucurbita_palmata,33.75778,-117.11917,H
Cucurbita_palmata,33.80231,-117.09989,H
Cucurbita_palmata,33.95667,-116.86333,H
Cucurbita_palmata,33.98111,-116.83889,H
Cucurbita_palmata,33.98333,-116.84167,H
Cucurbita_palmata,34.00889,-116.05167,H
Cucurbita_palmata,34.04306,-116.56611,H
Cucurbita_palmata,34.05,-117.26667,H
Cucurbita_palmata,34.13,-116.05167,H
Cucurbita_palmata,34.13543,-116.33502,H
Cucurbita_palmata,34.13556,-116.4575,H
Cucurbita_palmata,34.25833,-116.10667,H
Cucurbita_palmata,34.26833,-116.27667,H
Cucurbita_palmata,34.27167,-115.70833,H
Cucurbita_palmata,34.32306,-114.31139,H
Cucurbita_palmata,34.32417,-116.41833,H
Cucurbita_palmata,34.33361,-116.60125,H
Cucurbita_palmata,34.43167,-114.53472,H
Cucurbita_palmata,34.61833,-115.66333,H
Cucurbita_palmata,34.70525,-116.81723,H
Cucurbita_palmata,34.73833,-115.68333,H
Cucurbita_palmata,34.74,-115.68,H
Cucurbita_palmata,34.78361,-115.65167,H
Cucurbita_palmata,34.82333,-116.69194,H
Cucurbita_palmata,34.82958,-116.335,H
Cucurbita_palmata,34.89528,-117.02417,H
Cucurbita_palmata,34.91122,-115.53035,H
Cucurbita_palmata,35.10008,-114.82857,H
Cucurbita_palmata,35.11919,-116.29808,H
Cucurbita_palmata,35.17747,-115.51762,H
Cucurbita_palmata,35.20053,-118.76027,H
Cucurbita_palmata,35.42972,-118.72833,H
Cucurbita_palmata,35.46764,-115.4875,H
Cucurbita_palmata,36.04167,-120.12,H
Cucurbita_palmata,32.67883,-115.89769,H
Cucurbita_palmata,33.6778,-116.4074,H
Cucurbita_palmata,33.75428,-117.12125,H
Cucurbita_palmata,35.383333,-119.75,H
Cucurbita_palmata,30.108333,-114.625,H
Cucurbita_palmata,30.108333,-114.625,H
Cucurbita_palmata,34.70525,-116.817233,H
